id,parent id,block type,proposal timestamp,finalization timestamp,depth,finalized,transactions
f2825,Genesis,tree,0.6501022182567618,None,1,False,3a64083ef3
1ce66,f2825,tree,5.155022110038247,None,2,False,1562c24b8a;fe9fa10744
37d75,1ce66,tree,9.517496292893776,None,3,False,419271b45c;4ddfa48bdf;bc75d3d860
67978,1ce66,tree,9.7704964180507,None,3,False,419271b45c;4ddfa48bdf;bc75d3d860
6fca4,37d75,tree,10.976711344934948,None,4,False,
265fd,6fca4,tree,13.928302600716362,None,5,False,1253487ab2;5b4fc94e4e;9af271ce02;ad393d5f9a;ed4302880b;104f87748e
4c3f9,265fd,tree,14.824928108539977,None,6,False,d7352e0296;e460d43620
7a455,4c3f9,tree,17.520214886963704,None,7,False,97acf47979;d22e0a4ac9
87644,7a455,tree,18.990640774901966,None,8,False,ef00283d07;d66b7ed6f9
e38d2,7a455,tree,19.407536480941175,None,8,False,ef00283d07;d66b7ed6f9
38e8a,7a455,tree,20.416031921772607,None,8,False,ef00283d07;d66b7ed6f9
c5c0f,e38d2,tree,28.763099369117597,None,9,False,ded7901340;8d08368c6a;844c332222;26b21f0102;18a997917e;63631fcd5c
d9d57,38e8a,tree,31.70023354615246,None,9,False,ded7901340;8d08368c6a;844c332222;26b21f0102;18a997917e;63631fcd5c
2648e,c5c0f,tree,36.05611477647281,None,10,False,b21c23d5e9;14066bc3c0;97c58ee7df;518623f2ec;8971662150
0d6b2,c5c0f,tree,37.21573797023055,None,10,False,b21c23d5e9;14066bc3c0;97c58ee7df;518623f2ec;8971662150
9bdb3,c5c0f,tree,38.233313899353575,None,10,False,b21c23d5e9;14066bc3c0;97c58ee7df;518623f2ec;8971662150
8abbe,2648e,tree,39.67014185174122,None,11,False,86db89c5c7;21d653f988;0dc06a8076;5e19249c19
2b90f,8abbe,tree,43.68862499654799,None,12,False,9d440fa492
f4a86,2b90f,tree,44.79474974485254,None,13,False,6884a24384;93fbdea68b
564e0,2b90f,tree,45.171969332112596,None,13,False,6884a24384;93fbdea68b
9e7e8,2b90f,tree,46.97246594769608,None,13,False,6884a24384;93fbdea68b
924f7,f4a86,tree,52.313298640486266,None,14,False,20db30a83b;a345eed09c;307bfcc0f4;5d0d0c51c4;5f18832fd9;0025ef1c26;384ac9e971;3a50e31c42
cf9de,924f7,tree,52.93200917481117,None,15,False,
3ca52,cf9de,tree,53.665658019035504,None,16,False,7f682a836c;f256ec8b5c
d40b3,3ca52,tree,57.14930788509945,None,17,False,38856961cd;e11b0e4c9f
83a18,3ca52,tree,57.376104116238224,None,17,False,38856961cd;e11b0e4c9f;1a16d07335
db3f9,d40b3,tree,59.4626878879804,None,18,False,1a16d07335;80302e2fb8;2aec216e64
059e4,db3f9,tree,60.67953335097753,None,19,False,
8a47c,db3f9,tree,61.90880188023329,None,19,False,
2c4e4,db3f9,tree,64.90909566092559,None,19,False,
9cf58,059e4,tree,69.26669311331949,None,20,False,41c2f21ea4;5ced16ac79;c589c9a96e;93fa860b8f;da6580fd9a;9ce02938e2
28851,059e4,tree,69.41843872885912,None,20,False,41c2f21ea4;5ced16ac79;c589c9a96e;93fa860b8f;da6580fd9a;9ce02938e2
d186c,9cf58,tree,73.85991779695188,None,21,False,425937b63b;a7eb4d7550;54859d7233;72b676749c;fee3942a3c;78608344c2
bd012,d186c,tree,79.92183604509387,None,22,False,6ff261fd65;5f8acbb130;9b9009c741;98057049ff;d3662bb5eb
98aef,d186c,tree,80.0463725981277,None,22,False,6ff261fd65;5f8acbb130;9b9009c741;98057049ff;d3662bb5eb
4658a,bd012,tree,80.31570287150366,None,23,False,
8f4bf,bd012,tree,80.83926440428021,None,23,False,
173a7,4658a,tree,82.92979652356637,None,24,False,262e8eafe4;bbbd1cb964;5c27d40c36;b4c9d9ffdb
0f1bd,173a7,tree,85.35566239195705,None,25,False,1ebddd4c6c;16cf5a3603;176259b4e0;2dd9e43f9d;c48791deef;8742fcfe41;9bfc33d39a
236b9,0f1bd,tree,86.48145113202237,None,26,False,ccd6f3b32e
cd717,0f1bd,tree,86.6427371528383,None,26,False,ccd6f3b32e
d32ec,0f1bd,tree,86.75021610197987,None,26,False,ccd6f3b32e
d4ec7,236b9,tree,88.65177167412338,None,27,False,
e200c,d4ec7,tree,91.16136677498268,None,28,False,6c3521156a;f512862c0d;8671ba51e6;37542f1ca0;483275b788
232c6,d4ec7,tree,91.57255057713135,None,28,False,6c3521156a;f512862c0d;8671ba51e6;37542f1ca0;483275b788
2792d,d4ec7,tree,95.02046133526422,None,28,False,6c3521156a;f512862c0d;8671ba51e6;37542f1ca0;483275b788
1f86c,d4ec7,tree,95.40049203105183,None,28,False,6c3521156a;f512862c0d;8671ba51e6;37542f1ca0;483275b788
27d18,e200c,tree,101.48968498905373,None,29,False,
c5b21,e200c,tree,101.53313863393127,None,29,False,
78a6a,27d18,tree,103.53899639639427,None,30,False,62e58c2dc6;e23c52c315;bb53b93b6e;0628705f37;c2d6075e16;3cfae65e15;ee38cc6a96
760db,27d18,tree,105.28940934364599,None,30,False,62e58c2dc6;e23c52c315;bb53b93b6e;0628705f37;c2d6075e16;3cfae65e15;ee38cc6a96
85814,78a6a,tree,108.43325529189251,None,31,False,fcd6690f47;b2a59275db;754f519a62;10b5515fff;e24fcb66ec;0eb3472423
3bb37,78a6a,tree,108.46075086573569,None,31,False,fcd6690f47;b2a59275db;754f519a62;10b5515fff;e24fcb66ec;0eb3472423
fce57,78a6a,tree,108.62474520769564,None,31,False,fcd6690f47;b2a59275db;754f519a62;10b5515fff;e24fcb66ec;0eb3472423
c5c46,85814,tree,110.53483601031925,None,32,False,9076c93575
49f2a,c5c46,tree,117.97837611973476,None,33,False,04eeaedd21;0b81e0c972;24c881219c;52d842881b;6d0041b4ec;3142b365e1;1bc02fee30;16c3f0110e;eabe303be9;53a40edea4;a8b79e68f5;bcd1c71a13;f076bb98d5;8a184cfd27;dfd0739240;e45a5b0f2f;74de2dc34e
42fd6,d9d57,tree,119.14658138148741,None,10,False,9076c93575;b21c23d5e9;14066bc3c0;97c58ee7df;518623f2ec;8971662150;86db89c5c7;21d653f988;0dc06a8076;5e19249c19;9d440fa492;6884a24384;93fbdea68b;20db30a83b;a345eed09c;307bfcc0f4;5d0d0c51c4;5f18832fd9;0025ef1c26;384ac9e971;3a50e31c42;7f682a836c;f256ec8b5c;38856961cd;e11b0e4c9f;1a16d07335;80302e2fb8;2aec216e64;41c2f21ea4;5ced16ac79;c589c9a96e;93fa860b8f;da6580fd9a;9ce02938e2;a7eb4d7550;54859d7233;72b676749c;425937b63b;fee3942a3c;78608344c2;6ff261fd65;5f8acbb130;9b9009c741;98057049ff;d3662bb5eb;262e8eafe4;bbbd1cb964;5c27d40c36;b4c9d9ffdb;1ebddd4c6c;16cf5a3603
65c69,49f2a,tree,125.06727724174112,None,34,False,b453747577;025052ff97;e515356083
9d6a1,65c69,tree,125.93970316736964,None,35,False,
6f4f3,9d6a1,tree,129.02346729644796,None,36,False,a15d24e1ff
f9ab8,6f4f3,tree,129.45366993683606,None,37,False,
15ba8,6f4f3,tree,131.8774741680904,None,37,False,
f8d66,6f4f3,tree,133.91202170901403,None,37,False,
8bc3a,f9ab8,tree,135.0235796222715,None,38,False,dc5ffd97f9;3ee9ed29c2;2b2341eec1
111c8,f9ab8,tree,135.74627047774638,None,38,False,dc5ffd97f9;3ee9ed29c2;2b2341eec1
949e9,8bc3a,tree,138.81049660267016,None,39,False,fa33773f0f;142eeb402f;5cae53b51a;0c747a6a68
688a9,111c8,tree,142.05123970943646,None,39,False,fa33773f0f;142eeb402f;5cae53b51a;0c747a6a68
b220d,949e9,tree,143.78081084605162,None,40,False,b2f59c5c65;75d3b25c77;6e3a1631d4;8a77bdd26e;60aa07b276;a750a00237;93abd7f3eb;4557946d23
4a081,949e9,tree,145.24577917178826,None,40,False,b2f59c5c65;75d3b25c77;6e3a1631d4;8a77bdd26e;60aa07b276;a750a00237;93abd7f3eb;4557946d23
d4e68,949e9,tree,146.2224370613001,None,40,False,b2f59c5c65;75d3b25c77;6e3a1631d4;8a77bdd26e;60aa07b276;a750a00237;93abd7f3eb;4557946d23
a3384,949e9,tree,148.25830474106633,None,40,False,b2f59c5c65;75d3b25c77;6e3a1631d4;8a77bdd26e;60aa07b276;a750a00237;93abd7f3eb;4557946d23
3c4e9,949e9,tree,148.30360936921156,None,40,False,b2f59c5c65;75d3b25c77;6e3a1631d4;8a77bdd26e;60aa07b276;a750a00237;93abd7f3eb;4557946d23
a61d2,b220d,tree,150.31172515273894,None,41,False,7fa29fd923;b285946532;536d081043;2670da8350
008ab,b220d,tree,151.16281154208727,None,41,False,7fa29fd923;b285946532;536d081043;2670da8350
9e39c,b220d,tree,154.66320285753616,None,41,False,7fa29fd923;b285946532;536d081043;2670da8350
07293,a61d2,tree,155.99816010864706,None,42,False,84bee52745;7bcbaec5d3;e25b52a375
844bd,b220d,tree,156.14518009198554,None,41,False,7fa29fd923;b285946532;536d081043;2670da8350
b958e,a61d2,tree,160.87786190718688,None,42,False,84bee52745;7bcbaec5d3;e25b52a375
f9af1,a61d2,tree,162.66495465672799,None,42,False,84bee52745;7bcbaec5d3;e25b52a375
bb002,a61d2,tree,163.1787299188662,None,42,False,84bee52745;7bcbaec5d3;e25b52a375
9e4e9,07293,tree,164.4440770508526,None,43,False,f3cea2b2e1;d98d9ebb1a;2ee6ffceb5;8055fb59e6;0f11b50d10;5148b46ede;a22b482996;c9ba1c750b;b33de31587
2e516,9e4e9,tree,168.26537340466942,None,44,False,a2a3f14ffa;1bed7f7696;9c9829524b
f4f06,2e516,tree,171.14782346818296,None,45,False,72af6b9396;7ece2cd0c6
353a8,f4f06,tree,174.80637376845215,None,46,False,9f8e84176d;b0ff055491;b8e64167da;8b21fb7ef1;34a537d760;0cb0a217cb;bae2588ccc
7eefe,353a8,tree,176.14299099808363,None,47,False,
f5971,7eefe,tree,177.57765512272437,None,48,False,
8584f,f5971,tree,180.71165347593595,None,49,False,36a3124e95;c13d346467;574d2879bb
225a4,8584f,tree,182.08098310315555,None,50,False,b28a33c494;dbd660e042
6a271,8584f,tree,182.33129625947163,None,50,False,b28a33c494;dbd660e042
42a56,225a4,tree,182.70939703768371,None,51,False,
a397f,225a4,tree,182.75251286543238,None,51,False,
1c9d3,42a56,tree,184.5514338773612,None,52,False,
c22de,1c9d3,tree,186.46781119993292,None,53,False,998ab60a41
3df23,c22de,tree,187.53417407787248,None,54,False,6ea7b2f8a7;fabff4a590
92a42,3df23,tree,190.96543674539177,None,55,False,
b3347,3df23,tree,191.08005147963965,None,55,False,
1c2ce,92a42,tree,193.41477104607546,None,56,False,03b684afc2;3706494c2d;934cc87415
05ce9,92a42,tree,193.68562778302376,None,56,False,03b684afc2;3706494c2d;934cc87415
167ae,42fd6,tree,195.0458547661055,None,11,False,2670da8350;dbd660e042;b453747577;025052ff97;e515356083;a15d24e1ff;dc5ffd97f9;3ee9ed29c2;2b2341eec1;fa33773f0f;142eeb402f;5cae53b51a;0c747a6a68;b2f59c5c65;75d3b25c77;6e3a1631d4;8a77bdd26e;60aa07b276;a750a00237;93abd7f3eb;4557946d23;7fa29fd923;b285946532;536d081043;84bee52745;7bcbaec5d3;e25b52a375;f3cea2b2e1;d98d9ebb1a;2ee6ffceb5;8055fb59e6;0f11b50d10;5148b46ede;a22b482996;c9ba1c750b;b33de31587;a2a3f14ffa;1bed7f7696;9c9829524b;72af6b9396;7ece2cd0c6;9f8e84176d;b0ff055491;b8e64167da;8b21fb7ef1;34a537d760;0cb0a217cb;bae2588ccc;36a3124e95;c13d346467;574d2879bb
dc963,1c2ce,tree,196.6823253382591,None,57,False,308b7fad4a;58aea58ab3;381b6d0985
e2646,dc963,tree,199.0426757775831,None,58,False,e7428ca111;7354ed1d28;80675e8476
b5dfe,dc963,tree,199.31156434854637,None,58,False,e7428ca111;7354ed1d28;80675e8476
f8ee2,dc963,tree,201.55170416389234,None,58,False,e7428ca111;7354ed1d28;80675e8476
6b4a8,dc963,tree,201.72761382884119,None,58,False,e7428ca111;7354ed1d28;80675e8476
76085,e2646,tree,204.62226560127152,None,59,False,
17703,e2646,tree,206.45826335258167,None,59,False,7ddb7b6bc2;55d97b75d2
67ae4,e2646,tree,206.5242805635729,None,59,False,7ddb7b6bc2;55d97b75d2
f685e,76085,tree,207.38938915837934,None,60,False,c95c606c03
f3ce7,76085,tree,208.0378084437863,None,60,False,7ddb7b6bc2;55d97b75d2;c95c606c03
3e060,f685e,tree,209.02746760255766,None,61,False,
07ce1,3e060,tree,220.9593892593633,None,62,False,759d8b1407;a6ca919d2a;036902fc67;6c9ed01358;e6720b8fb3;cbd281b813;d323463da0
8ff2a,167ae,tree,221.19989694859783,None,12,False,308b7fad4a;58aea58ab3;7354ed1d28;381b6d0985;e7428ca111;80675e8476;7ddb7b6bc2;55d97b75d2;c95c606c03;759d8b1407;a6ca919d2a;036902fc67;6c9ed01358;e6720b8fb3;cbd281b813;d323463da0
c850f,3e060,tree,223.41886211861328,None,62,False,759d8b1407;a6ca919d2a;036902fc67;6c9ed01358;e6720b8fb3;cbd281b813;d323463da0
4d4e4,3e060,tree,224.2196636459296,None,62,False,759d8b1407;a6ca919d2a;036902fc67;6c9ed01358;e6720b8fb3;cbd281b813;d323463da0
e8a95,4d4e4,tree,229.0900963654855,None,63,False,ce9867d4cd;ea655e53bf;345ed2e8c3
bf961,07ce1,tree,229.20469707174465,None,63,False,ce9867d4cd;ea655e53bf;345ed2e8c3
8a899,e8a95,tree,233.2101813770002,None,64,False,
0b3b9,8a899,tree,236.17004206934797,None,65,False,907f5d433c;ff781fcbea;432e968901
edb9d,0b3b9,tree,237.74104806915693,None,66,False,bab55c95ab
0cb70,8a899,tree,238.76281132292462,None,65,False,907f5d433c;ff781fcbea;432e968901
40cf5,edb9d,tree,241.3266607177952,None,67,False,870a0aa97a
a1dee,40cf5,tree,245.53180439528916,None,68,False,53bbd8948f;8cc273d4ad;fa655695b3;89b45130b2;cd6f15f6e0;14ad62b337;dfaa4a4b31;29ee97fc5a;7ee3abfa28;d3f425c08c;0c446d2cc1
8bdcb,40cf5,tree,245.9833910221147,None,68,False,53bbd8948f;8cc273d4ad;fa655695b3;89b45130b2;cd6f15f6e0;14ad62b337;dfaa4a4b31;29ee97fc5a;7ee3abfa28;d3f425c08c;0c446d2cc1
bd5b9,a1dee,tree,253.09189916262676,None,69,False,53195209f3;ff92ab578f;c4f56a82c3
c986a,a1dee,tree,253.7588657019138,None,69,False,53195209f3;ff92ab578f;c4f56a82c3
f204e,a1dee,tree,254.42832765136507,None,69,False,53195209f3;ff92ab578f;c4f56a82c3
da5a8,a1dee,tree,254.67389084099628,None,69,False,53195209f3;ff92ab578f;c4f56a82c3
d4def,bd5b9,tree,255.64539253786555,None,70,False,6876f0d8d4;3ab38a123b
bcd52,d4def,tree,256.89015150623874,None,71,False,ec6a423c94;7e602efcd9
32123,bcd52,tree,264.0486655024103,None,72,False,4e043b0b4d;1224976c8e;abcaddbc25;4643056981;2376598aa1;baa54bb695;af68fd3511;5a09d5b80e;171423d6de;b7731e305e;c43363c9af;30e9876484
b2f02,32123,tree,266.5929483679079,None,73,False,2dc26bc004
24a94,32123,tree,266.76441948803074,None,73,False,2dc26bc004
799e0,32123,tree,266.9064373127248,None,73,False,2dc26bc004
aa348,32123,tree,267.6410782973557,None,73,False,2dc26bc004
cf624,b2f02,tree,270.2946757425812,None,74,False,6653f3db2c
07171,24a94,tree,270.9201091291697,None,74,False,6653f3db2c
36290,cf624,tree,274.7390657264538,None,75,False,581c01e7d9;fe921b775e;457ceb7099;a70969bc5d;58000e601d;479effbd52;c63a975437;6504120823
79555,cf624,tree,275.18955329629074,None,75,False,581c01e7d9;fe921b775e;457ceb7099;a70969bc5d;58000e601d;479effbd52;c63a975437;6504120823
4adb2,cf624,tree,275.53942508629984,None,75,False,581c01e7d9;fe921b775e;457ceb7099;a70969bc5d;58000e601d;479effbd52;c63a975437;6504120823
e767c,bf961,tree,275.663179311026,None,64,False,29ee97fc5a;907f5d433c;ff781fcbea;432e968901;bab55c95ab;870a0aa97a;53bbd8948f;8cc273d4ad;fa655695b3;89b45130b2;cd6f15f6e0;14ad62b337;dfaa4a4b31;7ee3abfa28;d3f425c08c;0c446d2cc1;53195209f3;ff92ab578f;c4f56a82c3;6876f0d8d4;3ab38a123b;ec6a423c94;7e602efcd9;1224976c8e;abcaddbc25;4643056981;2376598aa1;baa54bb695;af68fd3511;5a09d5b80e;171423d6de;b7731e305e;c43363c9af;30e9876484;4e043b0b4d;2dc26bc004;6653f3db2c;581c01e7d9;fe921b775e;457ceb7099;a70969bc5d;58000e601d;479effbd52;c63a975437;6504120823
99651,cf624,tree,275.86820400953854,None,75,False,581c01e7d9;fe921b775e;457ceb7099;a70969bc5d;58000e601d;479effbd52;c63a975437;6504120823;183c1eb725;269e368cc4;2e4f97948c;7d004dfec9
e09b2,36290,tree,276.97318558973365,None,76,False,183c1eb725;269e368cc4;2e4f97948c;7d004dfec9
34f40,36290,tree,278.3622286559744,None,76,False,183c1eb725;269e368cc4;2e4f97948c;7d004dfec9
e791b,36290,tree,278.91839044339855,None,76,False,183c1eb725;269e368cc4;2e4f97948c;7d004dfec9
e35c8,36290,tree,280.7616401320947,None,76,False,183c1eb725;269e368cc4;2e4f97948c;7d004dfec9
b4537,79555,tree,280.9726440140787,None,76,False,183c1eb725;269e368cc4;2e4f97948c;7d004dfec9
27538,36290,tree,282.0256619061904,None,76,False,183c1eb725;269e368cc4;2e4f97948c;7d004dfec9
2240b,e09b2,tree,283.6802079845372,None,77,False,77883c75b1;d5fccf6a44;119b7182d5;a1695f9746;6f10031787;7ce8b81bf3;35f37daad8;c5b83d3761
0781b,2240b,tree,284.3777292428929,None,78,False,
fa387,07171,tree,287.22428953910685,None,75,False,581c01e7d9;fe921b775e;457ceb7099;a70969bc5d;58000e601d;479effbd52;c63a975437;6504120823;183c1eb725;269e368cc4;2e4f97948c;7d004dfec9;77883c75b1;d5fccf6a44;119b7182d5;a1695f9746;6f10031787;7ce8b81bf3;35f37daad8;c5b83d3761;cc9e82afb3;e8459d9eb3;621c7c7516
7ac81,0781b,tree,288.92381908799575,None,79,False,cc9e82afb3;e8459d9eb3;621c7c7516;d49815951a;97a281757e
1883d,7ac81,tree,291.73849124410475,None,80,False,ea70e7cce4
7b1ae,7ac81,tree,293.9931973054895,None,80,False,ea70e7cce4
eda6e,1883d,tree,295.54933854135476,None,81,False,58adf08959;de95d870fc;4758b92cb2;1750d26fce;5922e2c358;4c9314a3f9
05151,eda6e,tree,296.215717459613,None,82,False,8a78a7cf26
32dc7,eda6e,tree,296.5671591824212,None,82,False,8a78a7cf26
20157,eda6e,tree,296.7451421606748,None,82,False,8a78a7cf26
ead53,05151,tree,297.19842878257384,None,83,False,
12e49,ead53,tree,302.1991884929967,None,84,False,4fe978bcc8;d6bebbb230;4f768c2ee6;9fca550467;415412fb62;b90062c1ac;92d7175024
0b9c7,12e49,tree,302.9034164701913,None,85,False,81d6ff490d
bc4cc,0b9c7,tree,304.2199108353057,None,86,False,d152864b34;f8127b5a22
0ad93,0b9c7,tree,304.8339331303243,None,86,False,d152864b34;f8127b5a22
de9de,0b9c7,tree,305.03022849304375,None,86,False,d152864b34;f8127b5a22
1e137,bc4cc,tree,305.6417330853731,None,87,False,
9bc5a,bc4cc,tree,306.77398104880734,None,87,False,
5ef6a,bc4cc,tree,307.03045606864856,None,87,False,
05ce8,bc4cc,tree,308.7001902222402,None,87,False,
0d87f,bc4cc,tree,310.1651556765337,None,87,False,
9d2b3,bc4cc,tree,310.2321197572254,None,87,False,
ca463,1e137,tree,311.092887953224,None,88,False,66f62aac3c;4ad4d01e31;fe0f5c99fc;85efb76ac6;dccdb441bf;c0d9310171;170114cb9d;0871d6f3f2
c3250,ca463,tree,312.80773274735526,None,89,False,
6fc1a,ca463,tree,314.78995384613404,None,89,False,
ca8a4,c3250,tree,319.8610692453795,None,90,False,f98ffbb943;c1ab3d58a3;35e8159162;0f80c2a16e;1cf96ec960;f6bad6133a;15d40da6ab;10b49a27eb;6cf1632621
ae0f0,ca8a4,tree,321.4918072370349,None,91,False,e29c80b751;2db87e217f
b84df,ae0f0,tree,324.552459158115,None,92,False,7ee259f805;5efceae172;69612a924b;7a324777a4
e7bc7,ae0f0,tree,324.85961720555844,None,92,False,7ee259f805;5efceae172;69612a924b;7a324777a4
822c4,b84df,tree,328.92235044539746,None,93,False,7f71246739;986560c9a8;46c056c160
bed61,822c4,tree,330.1914434430803,None,94,False,
51d24,822c4,tree,330.6266133383695,None,94,False,
8242a,bed61,tree,335.9807831208516,None,95,False,bcb25a03b6
388c3,8242a,tree,337.85915114595736,None,96,False,
289df,b4537,tree,337.91686230736434,None,77,False,77883c75b1;d5fccf6a44;119b7182d5;a1695f9746;6f10031787;7ce8b81bf3;35f37daad8;c5b83d3761;cc9e82afb3;e8459d9eb3;621c7c7516;d49815951a;97a281757e;ea70e7cce4;de95d870fc;4758b92cb2;58adf08959;1750d26fce;5922e2c358;4c9314a3f9;8a78a7cf26;4fe978bcc8;d6bebbb230;4f768c2ee6;9fca550467;415412fb62;b90062c1ac;92d7175024;81d6ff490d;d152864b34;f8127b5a22;66f62aac3c;4ad4d01e31;fe0f5c99fc;85efb76ac6;dccdb441bf;c0d9310171;170114cb9d;0871d6f3f2;f98ffbb943;c1ab3d58a3;35e8159162;0f80c2a16e;1cf96ec960;f6bad6133a;15d40da6ab;10b49a27eb;6cf1632621;e29c80b751;2db87e217f;7ee259f805
65c4a,8242a,tree,338.09367480396145,None,96,False,
6c050,388c3,tree,339.41929042543245,None,97,False,
1956c,388c3,tree,339.6803172667958,None,97,False,
02f91,388c3,tree,339.91412071459695,None,97,False,
33624,6c050,tree,343.43091353584055,None,98,False,5053ecf322;c4f85f2fc4;b8afb12a6a;f301f680b4;fe07970792;dfd4de0559
66a1f,6c050,tree,343.54383106994413,None,98,False,c4f85f2fc4;5053ecf322;b8afb12a6a;f301f680b4;fe07970792;dfd4de0559
b5348,33624,tree,345.3784547578028,None,99,False,8b03bc1c7a;c76d1dcc0f
60585,33624,tree,345.5274290987249,None,99,False,8b03bc1c7a;c76d1dcc0f
fecde,b5348,tree,346.7345375122692,None,100,False,
8d8b3,b5348,tree,346.9848389613796,None,100,False,
7f17c,b5348,tree,348.12749839951925,None,100,False,
4890d,fecde,tree,349.94126978157163,None,101,False,9f14366252;539dd063f2;5e752395f7
8dee0,4890d,tree,353.52706926935144,None,102,False,d375838517;e20e36d3f7;f6eee6d3c4
5d2c2,4890d,tree,353.75058940620704,None,102,False,d375838517;e20e36d3f7;f6eee6d3c4
9fb86,4890d,tree,354.31720828912614,None,102,False,d375838517;e20e36d3f7;f6eee6d3c4
e5440,8dee0,tree,358.8137999065878,None,103,False,8b7a399d91;eda7dc3635;f56308e09b;cb809c30f5;ae64cb7cba;b5a150786d;a1b3f10994;edc2f1670f;9d824b5913;2e06208940
33f00,e5440,tree,364.5024720964705,None,104,False,78dfd70a9f;0c6f1b90cc;ef194c11f2;b9545d208f;8b3dd91ae7
0c0f7,e5440,tree,365.7378226821002,None,104,False,78dfd70a9f;0c6f1b90cc;ef194c11f2;b9545d208f;8b3dd91ae7
32556,e5440,tree,365.8666787266342,None,104,False,78dfd70a9f;0c6f1b90cc;ef194c11f2;b9545d208f;8b3dd91ae7
90e8d,33f00,tree,369.4205462086901,None,105,False,7563d2b514;fb6b5ba23f;90b3cfcd3d;521af7d8f7
3e4b9,90e8d,tree,370.95022128376127,None,106,False,
151d7,3e4b9,tree,372.73790707858535,None,107,False,
52610,3e4b9,tree,375.48086724190017,None,107,False,
2ad32,3e4b9,tree,375.52818641675196,None,107,False,
736f8,3e4b9,tree,376.33056981603727,None,107,False,
d49ac,151d7,tree,384.39264231724223,None,108,False,6bf40e7a3a;aa6d00457d;1886cf1031;6573534740;f7a1d12bd0;3647300306;fd3e6a2a41;c8e30d039c;e783ce613b;485ba64208
33ea0,151d7,tree,388.109366200686,None,108,False,aa6d00457d;1886cf1031;6bf40e7a3a;6573534740;f7a1d12bd0;3647300306;fd3e6a2a41;c8e30d039c;e783ce613b;485ba64208
88fbc,d49ac,tree,388.9734771581855,None,109,False,c1bfc5a3dc;7aa2f8298a;8e9de417f3
cf24b,d49ac,tree,390.0161289085266,None,109,False,c1bfc5a3dc;7aa2f8298a;8e9de417f3
bac7d,d49ac,tree,390.98260870641747,None,109,False,c1bfc5a3dc;7aa2f8298a;8e9de417f3
453f4,88fbc,tree,392.5986989073182,None,110,False,07a0c03d6b;f52f5c372a;314bc69c8e;c3e131b7d8;8732ab0fc0;ee8398ad09;ca9797d2c4;7ad477bc05;67aff82f2e
e1256,453f4,tree,393.4368056525103,None,111,False,
701d8,e1256,tree,397.56909414349883,None,112,False,3693fd1c98;7eabb68a56
f8b4a,701d8,tree,398.50437186168085,None,113,False,a76b2aef4f
18f9c,701d8,tree,398.6968813066087,None,113,False,a76b2aef4f
6f503,f8b4a,tree,401.4589349967413,None,114,False,eada431bb2;ef777d1a57;3dd1b350c3
91b3a,6f503,tree,405.11517476284615,None,115,False,
adfe5,91b3a,tree,413.9372415958322,None,116,False,f17bd67be9;ce39f60497;e5ef5a5f1e;d29a29b174;337943b35e;fa5a057295;43291729fe;140900535a;5d373ec31c;5426d41324;4cf03d526b
1e7ac,adfe5,tree,417.5690389312468,None,117,False,f3f0121d0c;6d7022dab2;fb4bfcc74c
ab7bc,1e7ac,tree,418.2526267663279,None,118,False,e11de9504a
72268,ab7bc,tree,419.0381810327475,None,119,False,4db23b5b8b
8f61b,72268,tree,422.2635478070289,None,120,False,5deccff943;735c1fedce;05b94d547e;5747d21e04
2412e,8f61b,tree,430.35704008376547,None,121,False,be6adfce2e;4b47485e11;a75426bdce
b339b,2412e,tree,432.8154502216556,None,122,False,e879f45dc6;3474d54fdc;d32178b15a
06276,b339b,tree,435.72374526999744,None,123,False,
5e21a,06276,tree,438.04933299705567,None,124,False,
63b22,5e21a,tree,442.7313177309033,None,125,False,c261ec5b25;eaa460c1f0;273ba25904;592b07b96e
8352d,5e21a,tree,443.25705063546593,None,125,False,c261ec5b25;eaa460c1f0;273ba25904;592b07b96e
92315,5e21a,tree,443.7947350763898,None,125,False,c261ec5b25;eaa460c1f0;273ba25904;592b07b96e
f46f0,63b22,tree,449.0878334356631,None,126,False,75c1459aa3;b332b2115e;4a80de55d4;69c6d83e22;026fcab8b4;036dd84dfa;ee112857ec;72d86757c0;ede5d1a247
324e5,f46f0,tree,452.26712810784807,None,127,False,cf95577d03;9965b536d6;ede6229190;e71d96fdbd;b88ec7d38c;4907305d9f;4066339504;d3664dc878
2964f,324e5,tree,454.69602415395684,None,128,False,39723e3113;716628d67f;2633215982
f48c0,324e5,tree,457.13775130365866,None,128,False,39723e3113;716628d67f;2633215982
2d081,324e5,tree,457.211339794747,None,128,False,39723e3113;716628d67f;2633215982
59321,2964f,tree,463.6753701847751,None,129,False,598cf1783b;a7236dab4c;5590c0670c;5fe1384600;72f970b163;0e163962e3;e4d81159b0;547740bc7a;922ebe03d3;651b1a4c70
0bf03,2964f,tree,463.6979416911256,None,129,False,5590c0670c;598cf1783b;a7236dab4c;5fe1384600;72f970b163;0e163962e3;e4d81159b0;547740bc7a;922ebe03d3;651b1a4c70
77955,2964f,tree,467.13673106040613,None,129,False,598cf1783b;a7236dab4c;5590c0670c;5fe1384600;72f970b163;0e163962e3;e4d81159b0;547740bc7a;922ebe03d3;651b1a4c70
133b7,2964f,tree,467.6183261177864,None,129,False,598cf1783b;a7236dab4c;5590c0670c;5fe1384600;72f970b163;0e163962e3;e4d81159b0;547740bc7a;922ebe03d3;651b1a4c70
b05d9,59321,tree,475.7199432274252,None,130,False,d8f089e665;aee50247a6;bb081cbb3e;dbce198477;0f15a4493b;8c66f9c54b;14adee3bc3;c5043f82b4;d8c3e04075;538e64e9a2;481111c234;5b16229be6;2a67175218
68d36,59321,tree,476.4517924701929,None,130,False,d8f089e665;aee50247a6;bb081cbb3e;dbce198477;0f15a4493b;8c66f9c54b;14adee3bc3;c5043f82b4;d8c3e04075;538e64e9a2;481111c234;5b16229be6;2a67175218
8e534,b05d9,tree,480.17108249095224,None,131,False,5d74356feb;91404d35ea;94ff687191
4e4d1,8e534,tree,485.87591032912803,None,132,False,748b0e80d4;188624c2d1;0959f7d6ef;d8724849d3;ddcde74f4b
eb701,4e4d1,tree,487.69905631703085,None,133,False,29f2326127;85b1efdc54;92e41bc7a1;db32a7477f
61338,eb701,tree,489.4505988519639,None,134,False,054d2f7217;b36ee46016;9f3f4707fb;cedf95ef88;cddc7d2e39
ada73,eb701,tree,489.8124004054192,None,134,False,054d2f7217;b36ee46016;9f3f4707fb;cedf95ef88;cddc7d2e39
05d27,61338,tree,492.31803076466844,None,135,False,967bc8f1b0;f2e75b91fb
ee874,05d27,tree,493.6911819437357,None,136,False,4b8eb6a266
3aaf4,ee874,tree,499.67996536908544,None,137,False,4271cddbce;642c071ad1;d711af3f52;5ffb34b815;e174adc04f;25a37583ee;14c003b81b
f7a6c,3aaf4,tree,502.6707047214952,None,138,False,fdf9e5977d;71374b7ab4
67659,f7a6c,tree,508.5011550176559,None,139,False,dfb8096c9a;2378046e50;6e2821c6f2;0ba75d6f49;56b401e1ed;e0dada7d56;1ccbc5781a
0d044,f7a6c,tree,508.67065927448,None,139,False,dfb8096c9a;2378046e50;6e2821c6f2;0ba75d6f49;56b401e1ed;e0dada7d56;1ccbc5781a
cb9d7,f7a6c,tree,508.76801752077154,None,139,False,dfb8096c9a;2378046e50;6e2821c6f2;0ba75d6f49;56b401e1ed;e0dada7d56;1ccbc5781a
fc033,67659,tree,512.432884058663,None,140,False,252803152a;cae5907ab4;874fb3c60e
7d5b7,67659,tree,512.4643654657292,None,140,False,252803152a;cae5907ab4;874fb3c60e
606cd,fc033,tree,513.8032857088807,None,141,False,e3810e7a85;e6c0f4c91b
a6077,606cd,tree,514.9719234294719,None,142,False,ccde27792f;e82ac17bdf
ef07b,a6077,tree,515.2975367616586,None,143,False,
51b63,a6077,tree,516.1125548173442,None,143,False,
55029,ef07b,tree,523.3408163166316,None,144,False,895dd49089;367ac98abf;884cae31b7;d602b9b0b3;471f4f8438;fa9bee2ee6;e4c97dac3e;e61425ee84
a3fe5,ef07b,tree,523.4147333984918,None,144,False,895dd49089;367ac98abf;884cae31b7;d602b9b0b3;471f4f8438;fa9bee2ee6;e4c97dac3e;e61425ee84
055c2,ef07b,tree,523.4757656282785,None,144,False,895dd49089;367ac98abf;884cae31b7;d602b9b0b3;471f4f8438;fa9bee2ee6;e4c97dac3e;e61425ee84
03a9d,55029,tree,527.9606446402087,None,145,False,b5e099d33e;530fd9d7e7;c233afb739;298926ad83;d6022cec50;d5f66f8a3e;0300c6da35;b916b8dbd2;f663c80931;028ce5e2c4
505c8,03a9d,tree,529.5865125898363,None,146,False,b066d72c57
29902,03a9d,tree,529.8651027851391,None,146,False,b066d72c57
09ca2,505c8,tree,531.1249078713632,None,147,False,93844b69fa;604b795301
8388f,09ca2,tree,531.916716623245,None,148,False,
be398,8388f,tree,539.7725564295434,None,149,False,d3042bd121;96610fa61d;7a7448c61d;c7f7cdd2c7;1532a3899c;6eb4ee464c;391e250da4;b7d9984851;b220c21794
b12db,8388f,tree,541.2773658817715,None,149,False,d3042bd121;96610fa61d;7a7448c61d;c7f7cdd2c7;1532a3899c;6eb4ee464c;391e250da4;b7d9984851;b220c21794
15219,be398,tree,543.1601456476449,None,150,False,17b82029ae
7d471,be398,tree,545.5003646329243,None,150,False,17b82029ae;1a3cd34cd4
b097c,be398,tree,547.0596560144451,None,150,False,1a3cd34cd4;17b82029ae
a0724,be398,tree,547.1075881480184,None,150,False,17b82029ae;1a3cd34cd4
fc4c0,15219,tree,548.6881464356029,None,151,False,1a3cd34cd4;60e3c8e816;809b23b257;c14ab1e1d5;99f8cd672b;8352067f39
9ef49,15219,tree,549.530937487254,None,151,False,60e3c8e816;809b23b257;c14ab1e1d5;99f8cd672b;8352067f39;f41ca1574a;d6186dcda7;6ccd726f9e;40f65af03d
75f18,fc4c0,tree,553.9404899513013,None,152,False,f41ca1574a;d6186dcda7;6ccd726f9e;40f65af03d;e49d221549;e572563aee;defeb1aada;3db1c0738a;7572c93e4d;9f75669d90;9c8dcbd7d4;376465ca4b
65aa9,fc4c0,tree,554.7730762547495,None,152,False,f41ca1574a;d6186dcda7;6ccd726f9e;40f65af03d;e49d221549;e572563aee;defeb1aada;3db1c0738a;7572c93e4d;9f75669d90;9c8dcbd7d4;376465ca4b
3781c,75f18,tree,556.4970443112405,None,153,False,3f6e34d400;b5ffb3d4e6;cdaac42434
d01fc,75f18,tree,556.7350530644434,None,153,False,3f6e34d400;b5ffb3d4e6;cdaac42434
3ef3f,75f18,tree,556.7718600256678,None,153,False,3f6e34d400;b5ffb3d4e6;cdaac42434
89f52,3781c,tree,563.7923641555244,None,154,False,b49d8aeb6e;bf6316e00e;01bcd21828;8290c329ee;c04f1ffc55;c8afd6ecf5;fd728a91df;9f6b61148a;bdc97f6c10
419be,3781c,tree,563.8611198321241,None,154,False,b49d8aeb6e;bf6316e00e;01bcd21828;8290c329ee;c04f1ffc55;c8afd6ecf5;fd728a91df;9f6b61148a;bdc97f6c10
e818c,fa387,tree,566.9328508490878,None,76,False,90b3cfcd3d;4271cddbce;809b23b257;d49815951a;97a281757e;ea70e7cce4;de95d870fc;4758b92cb2;58adf08959;1750d26fce;5922e2c358;4c9314a3f9;8a78a7cf26;4fe978bcc8;d6bebbb230;4f768c2ee6;9fca550467;415412fb62;b90062c1ac;92d7175024;81d6ff490d;d152864b34;f8127b5a22;66f62aac3c;4ad4d01e31;fe0f5c99fc;85efb76ac6;dccdb441bf;c0d9310171;170114cb9d;0871d6f3f2;f98ffbb943;c1ab3d58a3;35e8159162;0f80c2a16e;1cf96ec960;f6bad6133a;15d40da6ab;10b49a27eb;6cf1632621;e29c80b751;2db87e217f;7ee259f805;5efceae172;69612a924b;7a324777a4;7f71246739;986560c9a8;46c056c160;bcb25a03b6;c4f85f2fc4
4fbff,89f52,tree,567.9452020619716,None,155,False,
7ed75,4fbff,tree,570.9649160823645,None,156,False,05a789a263;9ae93dcd49;351a090e78;8d46b9b80b;8a50981614
22692,7ed75,tree,574.1113335954469,None,157,False,3a711589ad
a9c83,22692,tree,578.0821323542505,None,158,False,0444751988;150dc09f3d;118c73bb9a
f0b2a,a9c83,tree,581.0010848969447,None,159,False,d05bc060e8;82a9e947f3;0ed7fc419e
ded96,a9c83,tree,581.8181871976062,None,159,False,d05bc060e8;82a9e947f3;0ed7fc419e
4123a,f0b2a,tree,583.4068010430467,None,160,False,d4f79b9d87;08553dd3d9;02aad87b76
55b28,4123a,tree,587.9515764366043,None,161,False,50be9c2c77;b5554ac0d4;571ff1853a
7f392,55b28,tree,589.4834639155173,None,162,False,
bd889,7f392,tree,591.4254058988226,None,163,False,cb08be2bec;e841e7d9dc
a45b6,7f392,tree,591.5524215675312,None,163,False,cb08be2bec;e841e7d9dc
b59b5,bd889,tree,593.9933671981875,None,164,False,dac696ce9f;c4834f4ac5;6141c53317;f1a06293aa;3ef6063f29
18ace,bd889,tree,594.2208654905882,None,164,False,dac696ce9f;c4834f4ac5;6141c53317;f1a06293aa;3ef6063f29
843f9,b59b5,tree,595.9791456508855,None,165,False,6e7caa4f7e
b794d,843f9,tree,599.8484054193093,None,166,False,1f3f541bfc;fc39a2d90e;97e0466d29;ddfe91997f;c24b9bd404;2f7458c042
7e85d,b794d,tree,606.6545268024524,None,167,False,b339d716b5;5581c7560f
eb7bd,b794d,tree,608.3728944495491,None,167,False,b339d716b5;5581c7560f;9362bad837
15379,7e85d,tree,609.7049275804244,None,168,False,bba03d007f;3b16bcc89e;aed368509a;151ee57509
218a5,7e85d,tree,610.1002413833395,None,168,False,bba03d007f;3b16bcc89e;aed368509a;151ee57509
bc104,15379,tree,612.0534435099721,None,169,False,a69ceb27e1;6a4f8e3d95;8c4e002d68
5d9f0,bc104,tree,615.318009497489,None,170,False,33eec3acb1;9f63e81eed;a9b5f91e6e;24eee4c84b
1c872,bc104,tree,615.6397834606566,None,170,False,33eec3acb1;9f63e81eed;a9b5f91e6e;24eee4c84b
821ac,5d9f0,tree,615.90998254054,None,171,False,
c39ad,5d9f0,tree,619.5474021775201,None,171,False,
d8371,821ac,tree,620.5881243373269,None,172,False,0f733fe59f;0d23b7f087;2218a1c0e6;b1ee004638;752de4fba0;340da63478;3b1d33b6ee;429544fd50;5f7605f4ab;983291d27b
a8b68,688a9,tree,621.0556889034395,None,40,False,f3cea2b2e1;cbd281b813;870a0aa97a;140900535a;592b07b96e;252803152a;d6022cec50;b2f59c5c65;75d3b25c77;6e3a1631d4;8a77bdd26e;60aa07b276;a750a00237;93abd7f3eb;4557946d23;7fa29fd923;b285946532;536d081043;2670da8350;84bee52745;7bcbaec5d3;e25b52a375;d98d9ebb1a;2ee6ffceb5;8055fb59e6;0f11b50d10;5148b46ede;a22b482996;c9ba1c750b;b33de31587;a2a3f14ffa;1bed7f7696;9c9829524b;72af6b9396;7ece2cd0c6;9f8e84176d;b0ff055491;b8e64167da;8b21fb7ef1;34a537d760;0cb0a217cb;bae2588ccc;36a3124e95;c13d346467;574d2879bb;b28a33c494;dbd660e042;998ab60a41;6ea7b2f8a7;fabff4a590;03b684afc2
61f07,d8371,tree,623.9834191227282,None,173,False,
f0e68,d8371,tree,624.6445724192813,None,173,False,080cbfe2ec;a886e6390c;4192147f23
a0b87,61f07,tree,627.1488284062235,None,174,False,85f3bb5511;b2db334f37
07c60,a0b87,tree,634.5478085049751,None,175,False,67d9a57f4e;3402cf4163;f6bf252325;7e13389c50;fd5b8a2ca7;008a2b8cb1
c6f59,e818c,tree,634.7653390520353,None,77,False,5053ecf322;b8afb12a6a;f301f680b4;fe07970792;dfd4de0559;8b03bc1c7a;c76d1dcc0f;9f14366252;539dd063f2;5e752395f7;d375838517;e20e36d3f7;f6eee6d3c4;8b7a399d91;eda7dc3635;f56308e09b;cb809c30f5;ae64cb7cba;b5a150786d;a1b3f10994;edc2f1670f;9d824b5913;2e06208940;78dfd70a9f;0c6f1b90cc;ef194c11f2;b9545d208f;8b3dd91ae7;7563d2b514;fb6b5ba23f;521af7d8f7;aa6d00457d;1886cf1031;6bf40e7a3a;6573534740;f7a1d12bd0;3647300306;fd3e6a2a41;c8e30d039c;e783ce613b;485ba64208;c1bfc5a3dc;7aa2f8298a;8e9de417f3;07a0c03d6b;f52f5c372a;314bc69c8e;c3e131b7d8;8732ab0fc0;ee8398ad09;ca9797d2c4
b946b,a0b87,tree,635.4985023715582,None,175,False,67d9a57f4e;3402cf4163;f6bf252325;7e13389c50;fd5b8a2ca7;008a2b8cb1
3665c,a0b87,tree,635.5306524646279,None,175,False,67d9a57f4e;3402cf4163;f6bf252325;7e13389c50;fd5b8a2ca7;008a2b8cb1
c8a95,07c60,tree,638.2060795704186,None,176,False,
ac1f6,07c60,tree,638.5936978795162,None,176,False,26852df786;ff38f62e2b;886e312c69;4197f047b8
6414d,07c60,tree,639.9372928315516,None,176,False,26852df786;ff38f62e2b;886e312c69;4197f047b8
4f8d8,c8a95,tree,642.0016505061633,None,177,False,26852df786;ff38f62e2b;886e312c69;4197f047b8;e763ea0f09;e6df0a7262;3c807f311c
70036,4f8d8,tree,644.7708156930847,None,178,False,5950255860;9e14792d46
55522,70036,tree,650.0238955224985,None,179,False,c041671875;d4222f90c8;619e0cff78;9fbb5c5976;a629a652fa;37271681e9;93d6c00412
23c7c,70036,tree,651.0788266785135,None,179,False,c041671875;d4222f90c8;619e0cff78;9fbb5c5976;a629a652fa;37271681e9;93d6c00412
26e31,70036,tree,651.2048756207718,None,179,False,c041671875;d4222f90c8;619e0cff78;9fbb5c5976;a629a652fa;37271681e9;93d6c00412
72461,55522,tree,655.5188239858975,None,180,False,4119667bed;3a02317240;ce5ee02b75;013e4d0167
cd90b,72461,tree,661.3436086186501,None,181,False,e5124573c9;7df947d591;8710e3e445;3174fdbf42;4de488ac4b;681b9411bc
c5e80,cd90b,tree,664.5043711118176,None,182,False,fc7fbc7fb3;337be45a58
21ae2,c5e80,tree,669.7219983907826,None,183,False,9566508c4a;f58ebae59c;14713973bc
a4164,21ae2,tree,672.8158282239892,None,184,False,b2dc693ff5;44af7e32bc;a8a16fd259;4b93a79ba7;9d2ea3c85b;5d36cc25a4
b2ed1,21ae2,tree,672.9984315301223,None,184,False,b2dc693ff5;44af7e32bc;a8a16fd259;4b93a79ba7;9d2ea3c85b;5d36cc25a4
0d7b1,21ae2,tree,673.2029957536646,None,184,False,b2dc693ff5;44af7e32bc;a8a16fd259;4b93a79ba7;9d2ea3c85b;5d36cc25a4
8b5fd,a4164,tree,675.703934791305,None,185,False,abbfaefc94
d4452,a4164,tree,677.4576080512222,None,185,False,abbfaefc94
8d207,8ff2a,tree,677.6743372907197,None,13,False,94ff687191;c4834f4ac5;ce9867d4cd;ea655e53bf;345ed2e8c3;907f5d433c;ff781fcbea;432e968901;bab55c95ab;870a0aa97a;53bbd8948f;8cc273d4ad;fa655695b3;89b45130b2;cd6f15f6e0;14ad62b337;dfaa4a4b31;29ee97fc5a;7ee3abfa28;d3f425c08c;0c446d2cc1;53195209f3;ff92ab578f;c4f56a82c3;6876f0d8d4;3ab38a123b;ec6a423c94;7e602efcd9;1224976c8e;abcaddbc25;4643056981;2376598aa1;baa54bb695;af68fd3511;5a09d5b80e;171423d6de;b7731e305e;c43363c9af;30e9876484;4e043b0b4d;2dc26bc004;6653f3db2c;581c01e7d9;fe921b775e;457ceb7099;a70969bc5d;58000e601d;479effbd52;c63a975437;6504120823;183c1eb725
4c099,a4164,tree,677.7953024926665,None,185,False,abbfaefc94
c044e,a4164,tree,678.4793240911589,None,185,False,abbfaefc94
30aa9,a4164,tree,680.9315479565338,None,185,False,abbfaefc94
9526b,8b5fd,tree,682.9624555960195,None,186,False,812ba31c53;5e72e39171;91fbadceed;3c66c8060d
7c6f9,8b5fd,tree,683.1296020972957,None,186,False,812ba31c53;5e72e39171;91fbadceed;3c66c8060d
d1ad0,8b5fd,tree,683.5212694870842,None,186,False,812ba31c53;5e72e39171;91fbadceed;3c66c8060d
7df9c,8b5fd,tree,684.172162211226,None,186,False,812ba31c53;5e72e39171;91fbadceed;3c66c8060d
cd617,9526b,tree,684.7364192838425,None,187,False,
720ac,7df9c,tree,684.8493821588125,None,187,False,
b048a,9526b,tree,685.9340483979759,None,187,False,
682d1,9526b,tree,686.5424721624922,None,187,False,
5235e,cd617,tree,687.755445142842,None,188,False,d7fdedcfd7;aaf59c39cb
5496b,cd617,tree,688.7052022069312,None,188,False,d7fdedcfd7;aaf59c39cb
2fcf7,5235e,tree,692.5045150292824,None,189,False,aa7c514533;cd5bb99b09;9786db31b2;6960d217bf;7c86b535ab;40f7001695;e56fb5dcb1;5a92c2043e;73f631f4fc;3a98317123;735d3c6685
cd005,2fcf7,tree,696.527952110055,None,190,False,0dc3d4d755;14325c77cc;5bc33c2f4b;55d6b39253
1d512,cd005,tree,701.9946428483692,None,191,False,504a6cec2e;9b8d5a2e8b;ae54b1ce88;9d03f75106
50d3a,1d512,tree,705.5602631613633,None,192,False,f33cb3524e;5b4a9b2c49
49635,50d3a,tree,708.8405397442441,None,193,False,
3b829,50d3a,tree,709.4369370847551,None,193,False,
98259,a8b68,tree,715.72728606436,None,41,False,3706494c2d;934cc87415;308b7fad4a;58aea58ab3;381b6d0985;e7428ca111;7354ed1d28;80675e8476;7ddb7b6bc2;55d97b75d2;c95c606c03;759d8b1407;a6ca919d2a;036902fc67;6c9ed01358;e6720b8fb3;d323463da0;ce9867d4cd;ea655e53bf;345ed2e8c3;907f5d433c;ff781fcbea;432e968901;bab55c95ab;53bbd8948f;8cc273d4ad;fa655695b3;89b45130b2;cd6f15f6e0;14ad62b337;dfaa4a4b31;29ee97fc5a;7ee3abfa28;d3f425c08c;0c446d2cc1;53195209f3;ff92ab578f;c4f56a82c3;6876f0d8d4;3ab38a123b;ec6a423c94;7e602efcd9;1224976c8e;abcaddbc25;4643056981;2376598aa1;baa54bb695;af68fd3511;5a09d5b80e;171423d6de;b7731e305e
37fd9,49635,tree,718.0092892749673,None,194,False,410eb6e959;fc2201af94;7f98859a19;9b009f6b14;8919623a77;2a0549c5f9
39233,37fd9,tree,721.6441653942856,None,195,False,aa04dafe85;ef107bae24;c0f6946bbf;eafc244b97
0dd47,39233,tree,723.8385755585203,None,196,False,d178ee189a;f9e13b2723;ee7f081b32;787cb66d22;13336bd3ea;4e349c9bad;c9c782d6dc
907c4,0dd47,tree,723.8484893592084,None,197,False,
7a2e3,0dd47,tree,727.1900119744547,None,197,False,
56828,907c4,tree,729.7132174160528,None,198,False,8885bbeb1d;8cb0167415;6dbd93d01b;429748fb76
2f9b0,907c4,tree,731.1805108573861,None,198,False,8885bbeb1d;8cb0167415;6dbd93d01b;429748fb76
585df,907c4,tree,732.0580311210565,None,198,False,8885bbeb1d;8cb0167415;6dbd93d01b;429748fb76
37147,56828,tree,735.5460466991099,None,199,False,bd8dbdeffa;7c7c3606f7
87de5,37147,tree,737.5541397700596,None,200,False,c10ca9c847;5e26edc408;9489b5779b
b21bd,87de5,tree,737.7179405123454,None,201,False,
e06f8,87de5,tree,738.0865586280363,None,201,False,
dbec9,87de5,tree,739.2510370669323,None,201,False,
5887e,87de5,tree,739.2697624500555,None,201,False,
3e9b6,b21bd,tree,742.5946044466978,None,202,False,fd0664c6c0
752d3,b21bd,tree,742.9220375638415,None,202,False,fd0664c6c0
dd8d2,b21bd,tree,743.3194013299892,None,202,False,fd0664c6c0
47a3b,b21bd,tree,743.4342157316756,None,202,False,fd0664c6c0
87a06,b21bd,tree,743.744719229372,None,202,False,fd0664c6c0
c22d5,3e9b6,tree,744.2202470145286,None,203,False,a534fa182c;53477d04fd
9b6c8,3e9b6,tree,744.8782663920499,None,203,False,a534fa182c;53477d04fd
e6eb1,c22d5,tree,746.2563225493059,None,204,False,0fd8038058
36704,e6eb1,tree,749.447880643564,None,205,False,412bd62fe6;34ec483844;c5b3d13333;647efd19d1;dc2bfbe2c9;2af9bf3ea8;5c33e87c80
a4136,36704,tree,755.7330008811052,None,206,False,8c90f9a296;454a2908f1;3efd2dfbc3;39f7a1417f;1b21b894fe;53d979ed98
8eb30,36704,tree,755.989298316459,None,206,False,8c90f9a296;454a2908f1;3efd2dfbc3;39f7a1417f;1b21b894fe;53d979ed98
68d52,36704,tree,756.1066878460799,None,206,False,8c90f9a296;454a2908f1;3efd2dfbc3;39f7a1417f;1b21b894fe;53d979ed98
2fc15,36704,tree,756.3556724085524,None,206,False,8c90f9a296;454a2908f1;3efd2dfbc3;39f7a1417f;1b21b894fe;53d979ed98
0dfde,36704,tree,759.7728047433716,None,206,False,8c90f9a296;454a2908f1;3efd2dfbc3;39f7a1417f;1b21b894fe;53d979ed98
efb5c,a4136,tree,769.3436516713296,None,207,False,d3a1ccbf2e;6601ce3063;b624de6ed9;1eab31d79b;b8e2902a38;8441304c9b;9ad385b521;d1c7484309;627bd351ba;bcdce1e6cb;69075d38e8;7e33a0c6f2;4362cabb9b;21a867b4a0;4fb51a1cac;6772c68163;92610012e1;57e7a25b75
d8e6f,a4136,tree,771.1303758029128,None,207,False,d3a1ccbf2e;6601ce3063;b624de6ed9;1eab31d79b;b8e2902a38;8441304c9b;9ad385b521;d1c7484309;627bd351ba;bcdce1e6cb;69075d38e8;7e33a0c6f2;4362cabb9b;21a867b4a0;4fb51a1cac;6772c68163;92610012e1;57e7a25b75
e9f32,efb5c,tree,773.7257338105186,None,208,False,02f4704a2e;8a2af51127;68ff4fb097;7b60f3a21f;07959c3c95;f02c5f2195;37588003b5
115d0,e9f32,tree,776.9532136499714,None,209,False,4f184ed0cc;9b1be0c093;edb3ab433e;3cdb0d25d2;b266b8ec30
d83bf,e9f32,tree,778.2130679945407,None,209,False,4f184ed0cc;9b1be0c093;edb3ab433e;3cdb0d25d2;b266b8ec30
a4b24,115d0,tree,782.5319640069807,None,210,False,677b536df4;2224f60be8;bad932fd90
e14b7,115d0,tree,784.9119462009127,None,210,False,677b536df4;2224f60be8;bad932fd90
5edbd,a4b24,tree,785.4033271213943,None,211,False,f645f7f1c2;fdb4d900e8;8dc90f85cd
e292b,5edbd,tree,789.8717547646463,None,212,False,6d26c54e44;4f9380bad1
cb061,5edbd,tree,790.8051865363302,None,212,False,6d26c54e44;4f9380bad1
63643,e292b,tree,794.2885743785163,None,213,False,41c4b37a40;1cc04b5aa3;d457031bf8;a8be45dfbd;226dd0c1d1;ef9619ecb7
547b9,e292b,tree,794.892860044553,None,213,False,41c4b37a40;1cc04b5aa3;d457031bf8;a8be45dfbd;226dd0c1d1;ef9619ecb7
240f4,63643,tree,798.5178619755377,None,214,False,c77be2f5d2;e1d63272d1;ae9bf30ad2;4ba272157b;bbbba0e65e;da21d8c116;a54822c65f;5396f8e28f
ffdbf,63643,tree,799.6817927164184,None,214,False,c77be2f5d2;e1d63272d1;ae9bf30ad2;4ba272157b;bbbba0e65e;da21d8c116;a54822c65f;5396f8e28f
c74d5,63643,tree,800.9834978732036,None,214,False,c77be2f5d2;e1d63272d1;ae9bf30ad2;4ba272157b;bbbba0e65e;da21d8c116;a54822c65f;5396f8e28f
45fb5,240f4,tree,804.8818187585537,None,215,False,912614cc5e;88338d4a39;b85821b1d8;0285244e77;70cd900f0b;070e92123a;13ea67ced5;de9cbe759d;c03ee9d6f6;d966507890;615f738234
d4ff5,240f4,tree,805.4574771603333,None,215,False,88338d4a39;b85821b1d8;0285244e77;70cd900f0b;070e92123a;13ea67ced5;de9cbe759d;c03ee9d6f6;d966507890;912614cc5e;615f738234
230c2,45fb5,tree,805.7583311027355,None,216,False,
004eb,45fb5,tree,807.7304016783612,None,216,False,
dd4e5,45fb5,tree,808.0918946792622,None,216,False,
40cbe,8d207,tree,810.2160693123938,None,14,False,269e368cc4;2e4f97948c;7d004dfec9;77883c75b1;d5fccf6a44;119b7182d5;a1695f9746;6f10031787;7ce8b81bf3;35f37daad8;c5b83d3761;cc9e82afb3;e8459d9eb3;621c7c7516;d49815951a;97a281757e;ea70e7cce4;de95d870fc;4758b92cb2;58adf08959;1750d26fce;5922e2c358;4c9314a3f9;8a78a7cf26;4fe978bcc8;d6bebbb230;4f768c2ee6;9fca550467;415412fb62;b90062c1ac;92d7175024;81d6ff490d;d152864b34;f8127b5a22;66f62aac3c;4ad4d01e31;fe0f5c99fc;85efb76ac6;dccdb441bf;c0d9310171;170114cb9d;0871d6f3f2;f98ffbb943;c1ab3d58a3;35e8159162;0f80c2a16e;1cf96ec960;f6bad6133a;15d40da6ab;10b49a27eb;6cf1632621
3c8e8,c6f59,tree,814.1001144456303,None,78,False,7ad477bc05;67aff82f2e;3693fd1c98;7eabb68a56;a76b2aef4f;eada431bb2;ef777d1a57;3dd1b350c3;ce39f60497;e5ef5a5f1e;f17bd67be9;d29a29b174;337943b35e;fa5a057295;43291729fe;5d373ec31c;5426d41324;4cf03d526b;f3f0121d0c;6d7022dab2;fb4bfcc74c;e11de9504a;4db23b5b8b;5deccff943;735c1fedce;05b94d547e;5747d21e04;be6adfce2e;4b47485e11;a75426bdce;e879f45dc6;3474d54fdc;d32178b15a;c261ec5b25;eaa460c1f0;273ba25904;75c1459aa3;b332b2115e;4a80de55d4;69c6d83e22;026fcab8b4;036dd84dfa;ee112857ec;72d86757c0;ede5d1a247;cf95577d03;9965b536d6;ede6229190;e71d96fdbd;b88ec7d38c;4907305d9f
8c532,230c2,tree,816.0982711372543,None,217,False,e41fba3198;52fa35c844;5f2afc377b;ac70c1d649;dc96503b86
96298,230c2,tree,816.1813129194428,None,217,False,e41fba3198;52fa35c844;5f2afc377b;ac70c1d649;dc96503b86
1cf85,230c2,tree,816.4833037644203,None,217,False,52fa35c844;e41fba3198;5f2afc377b;ac70c1d649;dc96503b86
5d2d7,230c2,tree,816.4998792301665,None,217,False,e41fba3198;52fa35c844;5f2afc377b;ac70c1d649;dc96503b86
21b90,8c532,tree,819.5586962188738,None,218,False,
6f650,8c532,tree,820.8561710259695,None,218,False,
0fb8b,8c532,tree,821.0373481949564,None,218,False,
60630,21b90,tree,821.8441509405858,None,219,False,a6da0a5814;f859094db0
d42e8,21b90,tree,822.6985286121424,None,219,False,a6da0a5814;f859094db0;2cb4cc594a;ab48efe0db
c1623,21b90,tree,822.8499920475724,None,219,False,a6da0a5814;f859094db0;2cb4cc594a;ab48efe0db
7c32b,98259,tree,824.260412089106,None,42,False,269e368cc4;2e4f97948c;7d004dfec9;77883c75b1;d5fccf6a44;119b7182d5;a1695f9746;6f10031787;7ce8b81bf3;35f37daad8;c5b83d3761;cc9e82afb3;e8459d9eb3;621c7c7516;d49815951a;97a281757e;ea70e7cce4;de95d870fc;4758b92cb2;58adf08959;1750d26fce;5922e2c358;4c9314a3f9;8a78a7cf26;4fe978bcc8;d6bebbb230;4f768c2ee6;9fca550467;415412fb62;b90062c1ac;92d7175024;81d6ff490d;d152864b34;f8127b5a22;66f62aac3c;4ad4d01e31;fe0f5c99fc;85efb76ac6;dccdb441bf;c0d9310171;170114cb9d;0871d6f3f2;f98ffbb943;c1ab3d58a3;35e8159162;0f80c2a16e;1cf96ec960;f6bad6133a;15d40da6ab;10b49a27eb;6cf1632621
a7331,60630,tree,824.792625298387,None,220,False,890e155bc9
a31ff,a7331,tree,829.2090910964398,None,221,False,c4519eac61;1554641384
a78a2,a31ff,tree,832.919044804395,None,222,False,eb5a202a90;ffbf5100fb;ece70daf92
cb127,a78a2,tree,835.7657388128973,None,223,False,9de8dec509;f60cb167d5;c107704d19;10d995b67a;8e2c4ff48e
66706,cb127,tree,837.8306014163769,None,224,False,62a5910cef
da521,66706,tree,839.8536762012635,None,225,False,1fc7719f41;34e53ee7d6;9d55ef950f;5e6f739efc;9f5b89889d;25266a0300;11bcc13ef7;48fff694af
db9e5,da521,tree,848.7296905513393,None,226,False,d42fe7de3b;070d52f739;be396d6b30;5d9d71e48c;d295f79e97;0b780de7b3;96901f4f0e
497fa,da521,tree,849.1285834364826,None,226,False,d42fe7de3b;070d52f739;be396d6b30;5d9d71e48c;d295f79e97;0b780de7b3;96901f4f0e
85fc4,db9e5,tree,850.5051591274591,None,227,False,b829e5dcdf;5a39405b1e
bfcae,db9e5,tree,851.4481038183401,None,227,False,b829e5dcdf;5a39405b1e
bb27d,85fc4,tree,859.1983380455109,None,228,False,8c1214a173;1e96c8ae61;0f091f1759;2a39afd382;79dd8e65bf;8d1498552d;c20fc433cd;36777a8260
3bbb0,bb27d,tree,864.5027194405108,None,229,False,9f3c885e8a;c9d2659ddc;ef7291c096;7863474f9a;dbf8f04e6a
1714d,3bbb0,tree,867.6855318233278,None,230,False,da7a2a7364
cac9d,1714d,tree,870.0642597487736,None,231,False,5f0b9baed2;d15fba8aac
618ac,cac9d,tree,870.587608656289,None,232,False,
41637,618ac,tree,871.6991493780804,None,233,False,90deb95eaa
b60f6,41637,tree,875.1775472653364,None,234,False,b802b1d4ac
d8f51,41637,tree,876.0084953381801,None,234,False,b802b1d4ac
5f4ba,b60f6,tree,877.7572140407931,None,235,False,6c1c5af7ba
7a191,5f4ba,tree,880.2890116074394,None,236,False,473ad28e9b
84106,7a191,tree,884.6846467604875,None,237,False,1fc7c669a7;46de19db09
d879e,7a191,tree,885.5132517823116,None,237,False,1fc7c669a7;46de19db09
d25af,7a191,tree,885.6453718336278,None,237,False,1fc7c669a7;46de19db09
1512c,84106,tree,886.484111660843,None,238,False,d1fb64e07b;0beb555db9
52c8a,1512c,tree,889.8467940319041,None,239,False,6c30789e3b
f3a58,1512c,tree,890.0934260123477,None,239,False,6c30789e3b
1d80e,1512c,tree,891.7439458323719,None,239,False,6c30789e3b
521e1,7c32b,tree,892.9025563878081,None,43,False,4066339504;d3664dc878;39723e3113;716628d67f;2633215982;598cf1783b;a7236dab4c;5590c0670c;5fe1384600;72f970b163;0e163962e3;e4d81159b0;547740bc7a;922ebe03d3;651b1a4c70;d8f089e665;aee50247a6;bb081cbb3e;dbce198477;0f15a4493b;8c66f9c54b;14adee3bc3;c5043f82b4;d8c3e04075;538e64e9a2;481111c234;5b16229be6;2a67175218;5d74356feb;91404d35ea;748b0e80d4;188624c2d1;0959f7d6ef;d8724849d3;ddcde74f4b;29f2326127;85b1efdc54;92e41bc7a1;db32a7477f;054d2f7217;b36ee46016;9f3f4707fb;cedf95ef88;cddc7d2e39;967bc8f1b0;f2e75b91fb;4b8eb6a266;642c071ad1;d711af3f52;5ffb34b815;e174adc04f
0413d,52c8a,tree,893.1593054878405,None,240,False,dd2b38a70b;79e35f8f93
39aa6,1d80e,tree,895.407733524272,None,240,False,dd2b38a70b;79e35f8f93
58403,52c8a,tree,896.7761593426023,None,240,False,dd2b38a70b;79e35f8f93
86491,0413d,tree,904.6622797642806,None,241,False,fb19818f58;8e32d2822c;1ca0511268;15d0e738a4;72a3a56154;405a9a0ac4;54b183ee16;8a882eb13f
d185a,86491,tree,906.2560728003668,None,242,False,
500aa,86491,tree,906.7733873652221,None,242,False,
12753,86491,tree,906.935959766376,None,242,False,
fa567,86491,tree,908.9694910434372,None,242,False,
d9cc6,e767c,tree,912.228432378532,None,65,False,1886cf1031;7ad477bc05;fa5a057295;aee50247a6;4b8eb6a266;376465ca4b;b1ee004638;183c1eb725;269e368cc4;2e4f97948c;7d004dfec9;77883c75b1;d5fccf6a44;119b7182d5;a1695f9746;6f10031787;7ce8b81bf3;35f37daad8;c5b83d3761;cc9e82afb3;e8459d9eb3;621c7c7516;d49815951a;97a281757e;ea70e7cce4;de95d870fc;4758b92cb2;58adf08959;1750d26fce;5922e2c358;4c9314a3f9;8a78a7cf26;4fe978bcc8;d6bebbb230;4f768c2ee6;9fca550467;415412fb62;b90062c1ac;92d7175024;81d6ff490d;d152864b34;f8127b5a22;66f62aac3c;4ad4d01e31;fe0f5c99fc;85efb76ac6;dccdb441bf;c0d9310171;170114cb9d;0871d6f3f2;f98ffbb943
a63da,d185a,tree,913.2824848465337,None,243,False,4c2ae5278f;e4925e9a14;b074071b73;2c9ed566c1;16b48beb19
f7f0a,d185a,tree,914.5185506282209,None,243,False,4c2ae5278f;e4925e9a14;b074071b73;2c9ed566c1;16b48beb19;41f60518dc;b647fe8920
499da,a63da,tree,915.9908308882978,None,244,False,41f60518dc;b647fe8920;2c1ecd1be7;9e6de06258
cc6ef,499da,tree,917.9460838271015,None,245,False,f75a7a954f;f9904f1ef2;2e8cc519c7;148e39ec3e;789e6ce2cf;6f076f5f1c
1d0df,cc6ef,tree,922.6901500444496,None,246,False,43f1bdc68b;0980b7cf46;67bcbb32ad;68b5e21a5b;e46e7555a3;da8075dd89;899ce95b49
d0a55,1d0df,tree,929.0009805009795,None,247,False,95fc6ced1f;d6bfc013ac;a7ae98efbd;d5635e5e4c;1637ecabb8;5de0ec45b3;84e918bab9;a7cd4f7e4e;14cbd315ad;78f43cddfd
b6a71,d0a55,tree,936.6993170953481,None,248,False,94e26350e0;b656a0f6d4;71a19dfe09;f2c41c3df7;dd10c34205
5bf5e,39aa6,tree,937.1789548033042,None,241,False,fb19818f58;8e32d2822c;1ca0511268;15d0e738a4;72a3a56154;405a9a0ac4;54b183ee16;8a882eb13f;4c2ae5278f;e4925e9a14;b074071b73;2c9ed566c1;16b48beb19;41f60518dc;b647fe8920;2c1ecd1be7;9e6de06258;f75a7a954f;f9904f1ef2;2e8cc519c7;148e39ec3e;789e6ce2cf;6f076f5f1c;43f1bdc68b;0980b7cf46;67bcbb32ad;68b5e21a5b;e46e7555a3;da8075dd89;899ce95b49;95fc6ced1f;d6bfc013ac;a7ae98efbd;d5635e5e4c;1637ecabb8;5de0ec45b3;84e918bab9;a7cd4f7e4e;14cbd315ad;78f43cddfd;94e26350e0;b656a0f6d4;71a19dfe09;f2c41c3df7;dd10c34205
bd978,b6a71,tree,939.6375547428606,None,249,False,df56438178;dd4f179cc4
7beef,bd978,tree,945.2989361407932,None,250,False,76838c377a;1057b2eb23;d70c171efc;18941e60c4;a35793cd0c;94602abfec
4f4d1,7beef,tree,946.0292329368158,None,251,False,
62039,7beef,tree,946.3702712609967,None,251,False,
1526a,4f4d1,tree,947.3413698734288,None,252,False,9cc93fca7c
b42e7,5bf5e,tree,948.5214929483573,None,242,False,76838c377a;df56438178;dd4f179cc4;1057b2eb23;d70c171efc;18941e60c4;a35793cd0c;94602abfec;9cc93fca7c
6d32d,1526a,tree,949.4619266875529,None,253,False,3c0b81f0de
af62f,6d32d,tree,953.153897191497,None,254,False,f1618aadbe
6d107,af62f,tree,955.6466971457187,None,255,False,abb7575666;1c3bacdc98;1b0f815676;ead9c4dcb9
f888e,6d107,tree,962.3308800003052,None,256,False,0bab1a42a1;7b76b35560;e406f1ca9d;f95064feff;910794e6f3;bef9775641
eb1ce,f888e,tree,970.255069668527,None,257,False,89dfa59273;fd85579ed8;a9cddcf0b2;a7117a049b;070f1eea4a
5ac6e,eb1ce,tree,974.2071883887285,None,258,False,0367e9640b;c91f60f40e
62531,eb1ce,tree,974.7226325968919,None,258,False,0367e9640b;c91f60f40e
4e2cb,eb1ce,tree,976.0018220670323,None,258,False,0367e9640b;c91f60f40e
91c30,5ac6e,tree,979.8115210458121,None,259,False,db9d12d1ea;1466f7a0c3;c5b18f7b18;d0e874615e;af25125e59
912a3,91c30,tree,981.9980087554308,None,260,False,f3c9e93b42;d732f46078
a8026,91c30,tree,983.7222600368465,None,260,False,f3c9e93b42;d732f46078
a1770,91c30,tree,984.0791472897121,None,260,False,f3c9e93b42;d732f46078
27bfd,a8026,tree,989.8413674145594,None,261,False,54fca3c686;103c2a35a8;d37ab64fc2;74aae24840;1d6b167707;f5746ab958
4a12e,a1770,tree,990.2921351290142,None,261,False,54fca3c686;103c2a35a8;d37ab64fc2;74aae24840;1d6b167707;f5746ab958
ceea4,27bfd,tree,992.5138239645024,None,262,False,78eeb4752b;16f437d1f3
6adf2,ceea4,tree,997.4926289756464,None,263,False,af182681af;d7674ce25d;ad1e0f5532;7ab3bc16e0;1a52e6daec
fd550,521e1,tree,1000,None,44,False,25a37583ee;14c003b81b;fdf9e5977d;71374b7ab4;dfb8096c9a;2378046e50;6e2821c6f2;0ba75d6f49;56b401e1ed;e0dada7d56;1ccbc5781a;cae5907ab4;874fb3c60e;e3810e7a85;e6c0f4c91b;ccde27792f;e82ac17bdf;895dd49089;367ac98abf;884cae31b7;d602b9b0b3;471f4f8438;fa9bee2ee6;e4c97dac3e;e61425ee84;b5e099d33e;530fd9d7e7;c233afb739;298926ad83;d5f66f8a3e;0300c6da35;b916b8dbd2;f663c80931;028ce5e2c4;b066d72c57;93844b69fa;604b795301;d3042bd121;96610fa61d;7a7448c61d;c7f7cdd2c7;1532a3899c;6eb4ee464c;391e250da4;b7d9984851;b220c21794;05a789a263;9ae93dcd49;351a090e78;8d46b9b80b;8a50981614
